Date,Open*,High,Low,Close**,Volume,Market Cap
3/23/2020,157.78,169.43,155.62,168.51,3149579336,3091166642
3/22/2020,167.8,182.03,156.61,157.78,3365019330,2894145363
3/21/2020,160.59,171.54,157.08,167.7,3036999420,3075663812
3/20/2020,156.44,175.51,149.51,160.33,3784711874,2940325995
3/19/2020,119.59,166.39,118.1,156.32,3116861239,2866452832
3/18/2020,116.58,119.35,112.22,119.35,1592444482,2188240708
3/17/2020,109.74,121.78,109.71,117.01,1846959345,2145118674
3/16/2020,122.88,124.47,102.1,109.59,2143129008,2008884568
3/15/2020,116.1,128.58,115,122.95,1596193505,2253595393
3/14/2020,121.08,125.15,115.02,116.31,1739920784,2131684760
3/13/2020,108.72,125.86,88.07,120.9,3495044246,2215635399
3/12/2020,190.24,191.27,107.1,108.79,2540501992,1993443454
3/11/2020,198.81,200.56,177.23,190.51,1783158747,3490756151
3/10/2020,199.2,202.28,194.5,198.83,1893086091,3642792872
3/9/2020,197.89,201.36,189.07,199.18,2510235141,3648762066
3/8/2020,234.23,234.23,196.33,197.95,2252966254,3625901374
3/7/2020,245.32,245.68,229.19,234.23,1910397713,4290029659
3/6/2020,240.83,248.55,238.22,245.07,2260275207,4488244298
3/5/2020,231.4,247.81,231.4,240.62,2431717715,4406176623
3/4/2020,246.48,247.88,224.86,231.22,2142182865,4233580944
3/3/2020,251.69,253.98,242.2,246.48,2741753419,4512752617
3/2/2020,228.52,258.11,227.16,251.41,2887136059,4602595814
3/1/2020,212.32,228.73,212.17,228.52,2461691016,4182980992
2/29/2020,215.83,220.7,209.63,212.29,1925700287,3885583525
2/28/2020,226.78,230.77,210.53,215.97,2325970138,3952595223
2/27/2020,225.01,233.8,217.05,226.55,2584680224,4145814248
2/26/2020,259.58,259.67,215.12,225.03,3532653944,4117499598
2/25/2020,277.49,278.35,256.59,259.76,2300066161,4752645344
2/24/2020,294.48,298.43,270.28,277.38,2390831344,5074420607
2/23/2020,280.53,294.55,280.07,294.39,2241456507,5385055786
2/22/2020,289.44,290.28,276.62,280.41,2094451769,5128781295
2/21/2020,285.51,293.91,283.3,289.44,2282759105,5293536439
2/20/2020,287.22,305.2,280.15,285.5,2927371823,5220883968
2/19/2020,309.23,314.45,288.73,288.73,2781178232,5279438577
2/18/2020,309.51,322.96,290.22,309.11,3499501110,5651528354
2/17/2020,285.42,315.41,257.07,309.44,3724652669,5657134753
2/16/2020,310.4,321.44,266.85,285.87,3044207063,5225615842
2/15/2020,360.56,361.63,304.59,310.08,2841930815,5667626454
2/14/2020,359.26,363.06,349.51,360.39,2708978354,6586605882
2/13/2020,366.04,379.5,349.77,359.04,3334653510,6561311655
2/12/2020,363.44,375.72,363.01,366.72,3020567588,6700928233
2/11/2020,352.62,366.13,346.52,363.4,2971745227,6639678579
2/10/2020,350.83,355.52,339.34,352.36,3169406345,6437296314
2/9/2020,336.28,366.34,331.73,350.09,3583539558,6395258537
2/8/2020,295.67,346.16,290.38,336.25,3637921786,6141774147
2/7/2020,295.67,302.54,290.62,295.7,2039225645,5400617200
2/6/2020,299.43,306.21,292.53,295.65,2403576503,5399157669
2/5/2020,271.95,304.39,269.18,298.88,2723740891,5457622454
2/4/2020,280.63,282.71,267.8,272.06,1848976319,4967266626
2/3/2020,276.74,285.44,275.14,280.73,1966449392,5125136446
2/2/2020,278.05,286.15,271.86,276.74,1947042982,5051860965
2/1/2020,272.91,288.06,270.93,278.65,2045188904,5086094873
1/31/2020,298.78,298.92,265.08,272.4,2306111736,4971493553
1/30/2020,287.47,306.7,284.59,298.82,2639457631,5453378902
1/29/2020,294.97,303.9,282.68,287.97,2955203277,5247563141
1/28/2020,300.13,311.14,279.46,294.76,2987485223,5371343646
1/27/2020,274.26,318.79,274.1,300.35,3260926617,5473156767
1/26/2020,261.62,277.26,254.85,274.2,2003477064,4996615973
1/25/2020,266.41,270.34,253.47,261.85,1764624059,4771607864
1/24/2020,259.09,281.47,247.3,266.98,2733224386,4864986722
1/23/2020,308.54,308.59,248.28,259.14,2643222739,4722121850
1/22/2020,314.79,322.19,299.27,308.91,2192284387,5629050033
1/21/2020,300.79,323.3,290.98,314.53,2836183879,5731505296
1/20/2020,278.06,320.64,264.69,301.7,3279329941,5497689339
1/19/2020,249.91,276.92,238.85,276.92,3190579995,5046171376
1/18/2020,286.51,297.54,245.18,249.19,3246126279,4540896971
1/17/2020,313.38,330.39,274.01,286.4,3565786206,5218978781
1/16/2020,312.06,333.87,282.23,312.88,3966458240,5701492409
1/15/2020,420.68,421.53,285.68,312.76,5432389775,5650999055
1/14/2020,173.81,441.2,173.58,422.74,7460265156,7638163819
1/13/2020,164.89,174.66,159.96,174.33,1227224459,3149819106
1/12/2020,151.33,168.81,148.58,165.01,1360791215,2981519770
1/11/2020,171.08,175.63,149.3,150.73,1779222123,2723486078
1/10/2020,117.66,172.76,116.67,171.16,1782635151,3092666424
1/9/2020,114.11,118.35,112.77,117.74,679848557,2127416643
1/8/2020,114.06,116.14,111.3,114.17,762929032,2062931833
1/7/2020,117.75,118.66,110.71,114.06,776247251,2060934201
1/6/2020,110.99,117.95,110.35,117.81,796700319,2128712929
1/5/2020,109.68,114.76,109.24,110.87,650101885,2003156469
1/4/2020,102.7,110.21,102.47,109.67,712444844,1981510584
1/3/2020,93.08,103.89,92.11,102.61,697088052,1853999320
1/2/2020,97.24,97.74,92.71,92.84,424249976,1677433934
1/1/2020,97.08,99.85,96.41,97.2,450643882,1756282440
12/31/2019,97.02,98.65,94.54,97.08,533536931,1754060548
12/30/2019,100.36,100.92,94.33,96.98,610692227,1752211851
12/29/2019,94.18,102.05,93.75,100.36,569875111,1813274573
12/28/2019,90.58,96.18,90.4,94.35,497082872,1704772053
12/27/2019,87.63,91.79,86.64,90.57,469045045,1636504173
12/26/2019,86.83,90.96,85.68,87.62,387354065,1583166982
12/25/2019,87.61,88.19,85.54,86.81,381783943,1568482756
12/24/2019,86.25,88.47,85.7,87.61,418897369,1582936417
12/23/2019,88.1,90.12,85.9,86.34,477921064,1559978108
12/22/2019,85.33,88.39,84.85,88.04,389220983,1590712641
12/21/2019,88.56,89.06,84.89,85.34,389706406,1541937035
12/20/2019,85.54,89.27,84.6,88.53,410922506,1599521545
12/19/2019,86.34,88.04,81.72,85.54,473470788,1545533273
12/18/2019,80.68,86.91,78.19,86.33,601322552,1559787127
12/17/2019,89.6,89.87,80.05,81.01,474725801,1463765474
12/16/2019,93.42,93.53,88.71,89.6,392384682,1618949418
12/15/2019,93.05,93.62,89.74,93.48,360708498,1689052393
12/14/2019,93.34,94.37,92.35,93.03,364795485,1680878468
12/13/2019,93.06,93.81,92.17,93.38,382985017,1687151015
12/12/2019,94.64,95.29,92.26,93.07,430999056,1681592902
12/11/2019,96.43,96.59,94.45,94.64,292799841,1710042827
12/10/2019,95.44,97.75,94.74,96.4,315945295,1741822882
12/9/2019,97.47,97.75,94.62,95.46,312825507,1724792159
12/8/2019,96.36,98,95.45,97.45,255260742,1760696830
12/7/2019,97.02,97.7,95.63,96.35,317692202,1740842288
12/6/2019,95.94,97.13,95.07,97.01,343359094,1752834428
12/5/2019,95.45,100.36,94.1,95.93,399408720,1733292933
12/4/2019,96,100.91,94.51,95.44,492295285,1724375560
12/3/2019,100.52,101.91,95.64,95.96,408257124,1733908192
12/2/2019,104.37,104.89,99.64,100.52,393387957,1816323733
12/1/2019,107.7,107.7,101.45,104.29,377438739,1884411961
11/30/2019,109.44,110.6,106.23,107.68,392006505,1945611203
11/29/2019,106.37,111.96,106.24,109.52,453679422,1978813004
11/28/2019,107.97,110.47,105.58,106.34,395048212,1921403990
11/27/2019,107.39,109.68,100.94,107.86,503979901,1948925218
11/26/2019,104.53,109.66,104.2,107.79,528497445,1947609127
11/25/2019,100.81,110.59,94.52,104.54,642537570,1888863830
11/24/2019,109.24,109.67,100.41,100.41,599838915,1814217168
11/23/2019,97.03,112.2,93.89,109.24,739152543,1973762429
11/22/2019,100.26,103.04,89.45,96.95,616441731,1751697880
11/21/2019,106.53,107.99,97.51,100.26,544006907,1811450983
11/20/2019,110.49,111.99,106.23,106.55,520424423,1925241869
11/19/2019,117.82,118.98,107.44,110.48,505270411,1996250189
11/18/2019,124.35,124.71,115.41,117.88,461338463,2129876360
11/17/2019,124.44,126.39,121.63,124.34,433044444,2246662178
11/16/2019,123.89,125.24,122.46,124.44,445795162,2248506131
11/15/2019,126.85,127.81,122.86,123.83,504904340,2237387754
11/14/2019,129.6,130,125.87,126.78,536349429,2290741186
11/13/2019,131.93,132.5,125.68,129.57,459041836,2341129499
11/12/2019,131.83,134.14,130.56,131.91,483240340,2383450679
11/11/2019,134.75,136.42,130.3,131.81,545751160,2381598573
11/10/2019,129.99,136.83,129.69,134.75,672594575,2434718388
11/9/2019,124.71,131.05,124.22,130,554798622,2348930504
11/8/2019,133.81,134.29,122.92,124.73,596195515,2253587995
11/7/2019,139.39,139.51,131.89,133.81,625253653,2417811957
11/6/2019,138.2,141.75,137.54,139.51,594544968,2520692186
11/5/2019,132.38,141.73,129.19,138.17,679981472,2496444837
11/4/2019,129.52,133.2,125.29,132.38,693642230,2391918494
11/3/2019,132.02,134.77,127.59,129.58,625193166,2341224259
11/2/2019,129.8,134.4,128.91,132.08,643408094,2386427906
11/1/2019,129.71,130.67,126.36,129.8,675418596,2345362327
10/31/2019,135.73,136.81,126.04,129.79,681579729,2345098775
10/30/2019,141.31,144.83,130.99,135.88,812504442,2455107079
10/29/2019,138.18,142.69,137.21,141.26,877591979,2552418810
10/28/2019,140.39,143.69,135.12,138.28,835319397,2498420677
10/27/2019,139.37,145.55,133.77,140.47,834794509,2538038524
10/26/2019,133.65,150.13,129.33,138.72,1085213668,2506456129
10/25/2019,107.53,136.13,107.25,133.53,1003567974,2412628579
10/24/2019,97.6,113.47,94.85,106.89,590775287,1931343421
10/23/2019,106.25,107.53,93.86,97.55,499965271,1762631587
10/22/2019,112.52,114.43,106.31,106.35,512483208,1921605778
10/21/2019,94.69,113.24,94.37,112.67,541954757,2011641650
10/20/2019,90.3,96.09,88.78,94.7,303194147,1690943191
10/19/2019,90.5,91.75,89.58,90.3,281678299,1612294439
10/18/2019,89.63,91.69,86.44,90.46,345538896,1615227920
10/17/2019,88.27,89.71,86.19,89.69,271421781,1601366280
10/16/2019,89.53,93.52,85.18,88.35,348703625,1577463973
10/15/2019,87.16,90.88,85.55,89.52,320044316,1598404211
10/14/2019,86.66,87.96,86.11,87.21,225321414,1557088085
10/13/2019,87.12,89.65,85.88,86.66,267105276,1547249914
10/12/2019,84.57,87.18,84.57,87.14,229512808,1555843680
10/11/2019,88.66,90.99,83.3,84.61,253215601,1510633496
10/10/2019,91.38,91.95,87.42,88.73,283585145,1584208283
10/9/2019,84.49,95.32,83.74,91.41,260940560,1632108268
10/8/2019,84.38,85.43,83.97,84.54,226789231,1509461742
10/7/2019,81.93,85.52,81.1,84.4,220337415,1506944396
10/6/2019,82.5,83.8,81.54,82.15,198006418,1466721706
10/5/2019,83.66,83.66,81.84,82.51,181882747,1473298702
10/4/2019,83.19,84.12,82.3,83.66,185634199,1493659696
10/3/2019,84.96,85.06,81.84,83.16,175634620,1484889649
10/2/2019,84.96,85.23,82.4,84.98,198465338,1517256796
10/1/2019,87.47,89.61,84.17,84.96,221813390,1516975065
9/30/2019,82.72,88.54,81.01,87.42,257954647,1560900186
9/29/2019,84.63,84.89,81.36,82.71,197802787,1476698556
9/28/2019,85.04,85.35,83.51,84.49,214814898,1508566985
9/27/2019,83.77,85.91,80.91,84.99,306495767,1517496158
9/26/2019,86.84,86.84,79.89,83.91,317185904,1498239430
9/25/2019,83.58,89.93,82.65,86.83,426955957,1550409503
9/24/2019,113.91,114.63,70.98,83.8,423586533,1496185823
9/23/2019,119.87,120.16,113.9,113.94,212881041,2034335259
9/22/2019,122.47,122.52,117.6,119.95,242721087,2141659238
9/21/2019,122.97,123.86,121.87,122.47,251839198,2186671710
9/20/2019,122.86,126.76,122.22,122.93,281651168,2194844686
9/19/2019,125.75,126.34,119.36,122.86,309211017,2193717629
9/18/2019,125.48,130.03,122.23,125.8,392307803,2246226066
9/17/2019,122.68,126.92,120.67,125.33,261322488,2237774676
9/16/2019,119.75,124.21,119.69,122.76,290530221,2191807333
9/15/2019,119.61,124.8,118.23,119.8,288012019,2138947005
9/14/2019,117.78,121.3,117.05,119.61,206474305,2135634066
9/13/2019,120.08,120.39,116.93,118.12,259858641,2109074528
9/12/2019,120.12,120.59,117.15,120.08,223982727,2143987077
9/11/2019,126.49,127.34,113.06,120.12,352362965,2144703311
9/10/2019,131.34,132,125.14,126.35,329559950,2255943590
9/9/2019,135.53,138.18,128.11,131.42,358026181,2346482307
9/8/2019,134.79,137.9,133.8,135.53,307391476,2419929881
9/7/2019,131.43,136.04,130.56,134.61,322452434,2403488056
9/6/2019,130.53,137.33,129.62,131.24,322452434,2343235062
9/5/2019,131.94,133.84,129.25,130.53,298935720,2330600001
9/4/2019,135.24,135.46,131.59,131.85,288271329,2354259325
9/3/2019,133.78,137.3,133.69,135.17,355166862,2413379240
9/2/2019,130.02,135.25,128.7,133.65,327131780,2386234085
9/1/2019,129.39,129.86,127.28,129.65,280438624,2314946418
8/31/2019,130.48,130.48,126.98,129.41,279414915,2310674799
8/30/2019,128.88,131.53,125.96,130.41,322508749,2328387426
8/29/2019,125.7,134.44,120.63,128.88,392524362,2301089457
8/28/2019,134.3,134.3,125.32,125.62,292196902,2242929660
8/27/2019,131.59,135.15,128.1,134.19,341224340,2396048860
8/26/2019,132.76,135.86,130.28,131.66,330515940,2350733731
8/25/2019,133.33,135.55,131.56,132.94,283207352,2373713768
8/24/2019,136.17,136.64,131.06,133.66,289320210,2386434593
8/23/2019,135.17,136.51,133.64,136.25,298744767,2432661964
8/22/2019,133.29,137.21,129.47,135.17,308386970,2413408266
8/21/2019,140.56,140.74,130.58,133.26,308967051,2379374155
8/20/2019,146.06,146.87,139.97,140.53,261710692,2509155318
8/19/2019,136.69,145.99,136,145.86,310302000,2604413600
8/18/2019,133.51,138.83,131.44,136.6,263906620,2439016944
8/17/2019,134.94,136.76,130.92,133.49,259106571,2383419504
8/16/2019,135.52,137.68,131.33,134.85,305356492,2407742690
8/15/2019,134.63,138.22,124.91,135.53,402042236,2419951665
8/14/2019,143.03,151.76,130.47,133.92,413771458,2391214230
8/13/2019,142.53,144.24,139.8,143.03,302211348,2553750191
8/12/2019,145.85,147.6,142.36,142.46,248822151,2543543277
8/11/2019,141.52,147.42,141.52,145.84,296628678,2603968439
8/10/2019,140.65,146.07,139.3,141.47,339805538,2525899500
8/9/2019,144.16,146.92,138.53,140.65,341459784,2511294759
8/8/2019,147.26,148.02,139.95,144.12,310419705,2573199013
8/7/2019,147.3,151.08,144.8,147.26,338490075,2629297881
8/6/2019,154.16,160.49,143.41,147.08,386226479,2626080886
8/5/2019,150.37,158.01,150.15,154.04,356214803,2750380989
8/4/2019,151.81,153.58,146.48,150.5,304525776,2687245449
8/3/2019,148.51,155.25,147.91,151.74,303058062,2709326271
8/2/2019,146.74,157.03,145.72,148.54,315048239,2652230835
8/1/2019,148.03,148.76,141.76,146.74,294749555,2620088257
7/31/2019,146.7,151.44,145.76,147.98,372187747,2642119495
7/30/2019,146.31,151.42,142.78,146.88,310051662,2622539003
7/29/2019,147.64,153.06,144.68,146.35,351580630,2613121947
7/28/2019,151.85,152.07,138.12,147.87,331028992,2640158080
7/27/2019,163.14,164.93,147.83,151.85,389906728,2711335583
7/26/2019,162.12,163.97,156.58,163.14,335536585,2912946056
7/25/2019,168.12,170.7,161.91,162.05,362315489,2893424745
7/24/2019,169.87,170.07,156.67,168.15,473528100,3002320139
7/23/2019,168.45,181.39,163.48,169.92,487997158,3033899432
7/22/2019,176.77,178.5,163.84,168.38,407459369,3006469595
7/21/2019,172.97,188.07,164.75,176.7,508699424,3154961437
7/20/2019,146.06,181.28,146.02,172.86,598603382,3086491552
7/19/2019,135.45,146.94,133.92,145.95,343949930,2605902115
7/18/2019,120.18,138.3,118.7,135.45,423360161,2418436065
7/17/2019,111.23,124.66,108.61,120.25,410415966,2147055723
7/16/2019,129.42,135.44,110.61,111.33,402596666,1987830100
7/15/2019,126.31,132.69,106.7,129.34,579118154,2309344979
7/14/2019,153.99,155.35,125.4,126.4,354809356,2256919348
7/13/2019,166.68,166.85,148.4,153.8,274784587,2746032598
7/12/2019,163.09,170.11,154.8,166.61,355403798,2974737453
7/11/2019,191.01,191.36,154.18,162.79,454676972,2906555620
7/10/2019,204.95,208.51,183.18,190.98,417095458,3409859510
7/9/2019,201.42,213.55,200.65,204.78,415041486,3656288346
7/8/2019,199.7,202.19,196.73,201.51,335586229,3597982934
7/7/2019,198.44,202.49,189.71,199.55,321610434,3563006593
7/6/2019,198.78,203.29,195.85,198.28,294431974,3540357312
7/5/2019,196.1,204.08,194.69,198.72,342311892,3548070338
7/4/2019,203.98,205.46,194.7,196.28,343528997,3504637137
7/3/2019,196.03,205.67,196.03,203.96,387613310,3641773067
7/2/2019,197.61,198.53,183.07,196.01,440032169,3499705964
7/1/2019,194.2,203.12,186.83,197.53,472842297,3526901662
6/30/2019,214.5,219,194.2,194.2,474619499,3467494147
6/29/2019,210.9,214.52,203.98,214.36,494932038,3827360946
6/28/2019,197.4,226.56,193.35,211.31,710425552,3772892456
6/27/2019,219.53,225.87,181.81,197.11,824199502,3519389125
6/26/2019,238.02,250.06,200.97,219.3,944584216,3915511309
6/25/2019,235.34,245.38,233.89,238.02,503047721,4249910362
6/24/2019,237.37,239.35,228.51,234.98,429771128,4195220389
6/23/2019,238.53,244.51,231.26,237.37,481450076,4237495802
6/22/2019,222.49,255.88,222.28,238.34,790157733,4254524001
6/21/2019,217,225.5,217,222.3,463710554,3967815685
6/20/2019,224.34,226.77,208.7,217.44,418563454,3880633278
6/19/2019,222.91,226.81,221.44,224.39,282370528,4004167594
6/18/2019,225.37,230.53,218.96,222.5,409787530,3970083018
6/17/2019,212.13,233.82,212,225.35,486086957,4020622908
6/16/2019,209.91,218.75,208.12,212.17,459971394,3785005960
6/15/2019,215.45,215.54,204.55,209.91,393473435,3744341701
6/14/2019,212.96,216.08,203.55,215.72,484575773,3847644002
6/13/2019,189.46,218.33,189.46,213.06,620178218,3799711913
6/12/2019,186.12,192.73,184.65,189.5,400363266,3379195183
6/11/2019,192.24,192.63,182.74,186.25,374841356,3320911750
6/10/2019,185.2,194.12,181.55,192.39,521254229,3430103820
6/9/2019,195.42,198.16,182.04,185.37,486304407,3304678227
6/8/2019,203.89,204.55,190.41,195.44,490959287,3483742483
6/7/2019,200,209.56,192.75,203.98,645656461,3635672313
6/6/2019,217.53,217.7,179.07,200.28,804600969,3569339141
6/5/2019,229.24,233.96,204.86,217.81,908076210,3881289464
6/4/2019,220.65,233.27,207.33,229.24,1041376694,4084676912
6/3/2019,191.97,236.11,191.97,221,1276844770,3937337539
6/2/2019,189.04,193.28,184.44,191.97,399065617,3419756287
6/1/2019,195.78,196.07,185.94,189.04,443075483,3367270621
5/31/2019,184.7,199.37,177.68,195.79,860474026,3487100466
5/30/2019,201.1,251.07,176.48,184.7,1701098408,3289282118
5/29/2019,121.7,201.17,114.62,201.17,1372257576,3582225041
5/28/2019,116.76,126.38,113.97,121.72,360355881,2167142402
5/27/2019,106.29,121.68,104.24,117.05,464164742,2083869455
5/26/2019,92.82,114.78,88.83,106.08,395277784,1888474994
5/25/2019,99.07,99.65,88.69,92.84,232005986,1652393022
5/24/2019,101.73,101.93,96.59,99.07,263760378,1763217329
5/23/2019,104.81,105.94,95.8,101.76,311327876,1810944373
5/22/2019,104.28,118.39,98.27,104.71,645603421,1863328056
5/21/2019,63.17,139.31,61.71,104.28,849739777,1855438824
5/20/2019,65.58,65.58,60.71,63.15,133817626,1123485671
5/19/2019,59.55,66.71,59.41,65.58,180383225,1166554606
5/18/2019,60.09,61.15,59.33,59.57,109057663,1059511944
5/17/2019,64.7,65.56,55.67,60.32,204200358,1072852685
5/16/2019,72.52,75.02,63.98,64.77,278082971,1151758916
5/15/2019,60.36,74.22,59.97,72.74,237979817,1293433953
5/14/2019,60.45,63.85,58.52,60.23,213959690,1070946536
5/13/2019,57.75,61.86,57.16,60.46,179303818,1074941102
5/12/2019,60.97,64.52,56,57.75,194447328,1026678560
5/11/2019,57.84,63.32,57.37,60.97,201908379,1083724102
5/10/2019,56.71,58.52,55.71,57.87,108481767,1028623688
5/9/2019,59.06,59.11,55.94,56.74,124125121,1008373664
5/8/2019,52.71,59.2,52.48,59.09,133689050,1050005511
5/7/2019,52.8,53.77,52.62,52.8,97303577,938176122
5/6/2019,53.64,53.64,51.77,52.84,98035276,938762869
5/5/2019,53.59,54.71,53.05,53.66,89974873,953140153
5/4/2019,54.17,54.96,52.96,53.57,122251186,951273074
5/3/2019,53.14,55.37,52.78,54.16,123618537,961878906
5/2/2019,53.5,54.08,52.56,53.14,95570062,943639005
5/1/2019,54.2,55.14,53.17,53.53,106057394,950557694
4/30/2019,52.78,54.43,52.46,54.19,113908288,962208644
4/29/2019,54.28,54.42,52.22,52.75,104679316,936567845
4/28/2019,54.5,55.42,54.03,54.28,97437821,963545504
4/27/2019,53.87,55.19,52.97,54.5,92755636,967313508
4/26/2019,51.51,56.02,50.92,53.84,147698251,955485270
4/25/2019,54.19,55.95,50.52,51.4,119815217,912123921
4/24/2019,56.33,56.36,50.29,54.1,122432498,959917784
4/23/2019,57.82,58.94,56.31,56.33,94085913,999460331
4/22/2019,56.61,59.7,55.6,57.81,106421505,1025606167
4/21/2019,58.77,58.85,55.09,56.63,123194177,1004489953
4/20/2019,59.4,59.6,58.39,58.75,97374625,1042112591
4/19/2019,59.5,60.91,57.96,59.4,118232833,1053423314
4/18/2019,55.33,62.59,54.83,59.49,175668105,1055017980
4/17/2019,57.34,57.34,54.8,55.34,119936671,981298471
4/16/2019,59.3,61.42,54.24,57.47,191336609,1018875678
4/15/2019,71.05,74.3,59.03,59.29,237454559,1051114028
4/14/2019,69.96,71.06,69.24,71.05,83823672,1259417048
4/13/2019,71.42,72.02,69.5,69.96,96837329,1239968452
4/12/2019,71.77,74.37,69.11,71.45,143465843,1266262232
4/11/2019,80.07,84.12,69.15,71.75,199924705,1271485723
4/10/2019,78.66,82.06,78.6,80.07,123540292,1418740152
4/9/2019,83.16,83.17,77.46,78.65,134536135,1393574891
4/8/2019,86.34,87.87,81.33,83.16,171370508,1473242001
4/7/2019,84.65,87.52,83.56,86.41,176075347,1526953180
4/6/2019,84.33,89.27,82.59,84.66,188899709,1495936740
4/5/2019,82.9,85.97,82.54,84.32,174697160,1490030100
4/4/2019,82.5,93.25,80.84,83,360592952,1466712265
4/3/2019,78.64,95.14,78.64,82.05,654020727,1449888414
4/2/2019,66.1,80.36,65.98,78.83,329007780,1392949254
4/1/2019,64.97,66.66,64.71,66.08,87877273,1167678134
3/31/2019,65.02,65.17,64.44,64.98,65214626,1148254869
3/30/2019,64.25,68.76,64.18,65.02,81489759,1148897979
3/29/2019,64.68,65.18,64.09,64.36,100661362,1137338122
3/28/2019,66.01,66.03,64.19,64.68,82857486,1142925213
3/27/2019,64.5,66.08,64.25,66.03,100937303,1166692050
3/26/2019,64.39,65.2,63.22,64.43,102461049,1138486516
3/25/2019,66.03,66.03,63.69,64.4,101968755,1137991954
3/24/2019,67.34,67.4,65.86,65.92,78083330,1164798628
3/23/2019,66.6,68.11,66.4,67.37,104157457,1190429109
3/22/2019,65.86,67.71,65.62,66.64,95048996,1177532502
3/21/2019,66.88,68.64,64.71,65.94,111105005,1165165905
3/20/2019,67.17,67.27,66.03,66.85,87084621,1181225402
3/19/2019,67.25,67.48,66.22,67.12,94744734,1185981264
3/18/2019,68.55,70.25,66.4,67.27,116157796,1188639613
3/17/2019,68.98,69.33,67.34,68.47,88594646,1209844855
3/16/2019,67.68,71.89,67.6,68.98,247381332,1218972280
3/15/2019,66.21,68.35,65.74,67.69,107343633,1196129480
3/14/2019,64.99,67.55,64.99,66.27,93890837,1171084828
3/13/2019,65.92,66,64.62,64.98,54907880,1148222963
3/12/2019,65.25,66.06,64.2,65.84,57798152,1163233723
3/11/2019,66.81,67.12,65.16,65.29,126738128,891834274
3/10/2019,66.87,68.06,66.11,66.81,73421603,1180167566
3/9/2019,65.63,68.45,65.47,66.77,81346906,1179297014
3/8/2019,66.9,70.14,65.38,65.57,103991079,1158030765
3/7/2019,66.97,67.31,66.28,66.86,80228565,1180585637
3/6/2019,67.17,67.65,66.29,66.91,83949274,1181435453
3/5/2019,63.42,67.89,63.42,67.28,108532649,1187893430
3/4/2019,65.33,65.54,62.98,63.46,83033489,1120285319
3/3/2019,66.91,67.24,65.22,65.41,77359163,1154648588
3/2/2019,66.86,67.41,66.34,66.91,70341089,1180999352
3/1/2019,67.25,68.62,66.59,67,79611503,1182343364
2/28/2019,67.82,69.47,66.55,67.32,94004768,1187857982
2/27/2019,74.47,74.47,66.63,67.86,122067413,1197314925
2/26/2019,68.32,75.9,68.32,74.58,224567303,1315784967
2/25/2019,61.23,71.71,61.17,68.39,189035735,1206403703
2/24/2019,69.12,69.86,60.72,61.2,132163469,1079526122
2/23/2019,65.84,68.74,65.17,68.74,93440728,1212312853
2/22/2019,65.32,66.33,64.8,65.96,73661306,1163153366
2/21/2019,67.51,67.96,64.93,65.39,84290326,1153050213
2/20/2019,67.07,67.97,65.65,67.5,102500845,1190212544
2/19/2019,67.7,70.69,67.09,67.09,137410469,1182805563
2/18/2019,63.45,69.96,63.2,67.65,172847783,1192478125
2/17/2019,62.3,63.49,61.77,62.87,83425628,1108140608
2/16/2019,62.35,63.14,62.07,62.29,71658497,1097820653
2/15/2019,62.71,63.55,62.03,62.4,69091467,1099721478
2/14/2019,64.54,64.76,62.69,62.7,59115294,1104780030
2/13/2019,65.6,66.05,64.44,64.55,59144580,1137354133
2/12/2019,64.93,66.28,64.3,65.5,64185736,1153968802
2/11/2019,66.76,66.89,64.97,64.98,71458349,1144580691
2/10/2019,66.01,66.61,63.8,66.61,80275617,1173301757
2/9/2019,67.41,67.52,65.43,66.09,72906743,1163931503
2/8/2019,62.48,68.17,61.5,67.34,94084306,1185898034
2/7/2019,62.51,65.87,61.1,62.5,92434471,1100601291
2/6/2019,61.26,67.71,57.51,62.89,146371619,1107231481
2/5/2019,62.86,62.99,60.57,60.94,48771767,1072808005
2/4/2019,63.87,64.22,62.85,63,49250475,1109053713
2/3/2019,65.65,65.67,63.52,63.72,58052365,1121559772
2/2/2019,64.23,66.02,64.14,65.75,67771998,1157197654
2/1/2019,64.06,65.03,63.38,64.35,66405205,1132412159
1/31/2019,66.29,67.3,62.99,63.98,76607875,1125734365
1/30/2019,63.52,68.07,63.07,66.38,90454423,1167863935
1/29/2019,65,65.82,61.98,63.54,86525991,1117891185
1/28/2019,71.88,71.88,62.66,64.99,88068769,1143281253
1/27/2019,74.05,74.14,71.64,71.83,56898464,1263392931
1/26/2019,74.83,75.44,73.74,73.97,48715609,1300987710
1/25/2019,74.69,76.26,73.99,74.74,62356147,1314264147
1/24/2019,75.58,75.68,74.1,74.52,57765740,1310384265
1/23/2019,75.92,76.54,75.15,75.54,57199065,1328070050
1/22/2019,75.02,76.76,73.34,75.93,60200752,1334760515
1/21/2019,75.44,76.99,74.44,75.01,54569897,1318537239
1/20/2019,77.42,77.42,74.65,75.34,57177839,1324247115
1/19/2019,76.13,77.87,75.78,77.53,57607818,1362577707
1/18/2019,77.9,77.9,75.43,75.96,59556650,1334911206
1/17/2019,78.12,78.29,76.5,78.05,62380870,1371508266
1/16/2019,77.43,79.37,76.87,78.2,66358792,1373822193
1/15/2019,80.44,81.62,76.72,77.44,61102447,1360428517
1/14/2019,79,81.48,76.41,80.37,87682393,1411712392
1/13/2019,82.81,87.89,75.21,77.44,134938585,1360198445
1/12/2019,75.05,84.98,75.05,82.8,176584499,1454135673
1/11/2019,75.6,76.03,73.43,75.03,73534881,1317511207
1/10/2019,87.1,89.79,75.1,75.92,100285980,1333024139
1/9/2019,87.68,88.1,86.7,87.04,44904722,1528138561
1/8/2019,88.95,89.52,86.85,87.58,54825087,1537424564
1/7/2019,90.17,90.54,88.02,88.78,44587533,1558437547
1/6/2019,88.43,91.67,87.23,90.38,57596543,1586212000
1/5/2019,87.48,91.81,86.98,88.52,66121035,1553493902
1/4/2019,88.27,90.07,85.74,87.65,66629980,1537922018
1/3/2019,95.24,96.28,87.35,88.64,75308623,1555333447
1/2/2019,92.54,95.79,90.32,94.88,94042085,1664647783
1/1/2019,84.79,95.24,84.69,92.14,108083721,1616381095
12/31/2018,88.75,88.75,84.9,84.96,52690384,1490162204
12/30/2018,89.57,90.21,87.8,88.56,57931119,1553228295
12/29/2018,94.1,94.1,89.43,89.43,75204687,1568298809
12/28/2018,85.28,94.5,82.7,93.64,113487961,1641882041
12/27/2018,94.8,98.45,84.59,84.87,92318856,1488076181
12/26/2018,93.37,98.89,91.47,94.51,118701099,1656919625
12/25/2018,102.55,102.55,90.29,93.45,146914405,1638246086
12/24/2018,107.4,113.25,101.48,102.46,168359714,1795953737
12/23/2018,108.98,113.85,105.31,106.97,168248047,1874808177
12/22/2018,109.33,114.73,102.49,109.09,207087564,1911738033
12/21/2018,110.22,134.59,103.09,108.42,492080721,1899793934
12/20/2018,85.5,119.52,85.12,112.03,424270497,1962852761
12/19/2018,84.41,96.97,82.74,86.51,188633838,1515620025
12/18/2018,81.75,85.11,77.32,84.61,112996794,1482162325
12/17/2018,78.52,82.41,75.27,81.7,106775615,1431003874
12/16/2018,67.92,79.28,67.62,77.34,95335466,1354525811
12/15/2018,69.98,73.15,64.52,68.14,61398931,1193239758
12/14/2018,78.37,81.28,69.94,70.27,66921657,1230477651
12/13/2018,88.73,88.88,77.53,78.37,58473172,1372187886
12/12/2018,90.02,92.58,88.04,88.84,42144081,1555368511
12/11/2018,95.34,95.34,87.26,90.24,63771772,1579730163
12/10/2018,97.37,101.5,95.23,95.32,63688727,1668422467
12/9/2018,98.42,99.71,93.23,97.42,72826742,1702607764
12/8/2018,103.79,104.08,96.35,98.68,76137934,1724720837
12/7/2018,103.52,113.67,94.82,103.88,217760983,1815577191
12/6/2018,86.16,110.14,86.16,103.69,194059088,1812321980
12/5/2018,90.22,93.65,84.58,86.31,75407123,1508531943
12/4/2018,94.32,94.75,89.92,90.18,56754945,1576176080
12/3/2018,99.88,100.19,91.23,94.46,79018303,1650988749
12/2/2018,93,103.36,92.6,100.37,108434556,1754285184
12/1/2018,95.11,96.63,87.85,93.54,75286999,1634820282
11/30/2018,97.29,106.35,92.84,95.28,166060949,1665338348
11/29/2018,97.93,100.3,91.84,98.07,130600465,1714035178
11/28/2018,90.62,103.89,80.95,97.94,308722000,1711710041
11/27/2018,113.42,121.87,84.95,91.94,296211000,1606993185
11/26/2018,88.74,125.53,87.92,111.7,589274000,1952224634
11/25/2018,60.28,91.54,57.32,87.38,379158000,0
11/24/2018,52.82,68.25,50.7,58.5,172732000,0
11/23/2018,42.5,59.47,36.87,54.03,118574000,0
11/22/2018,50.72,51.55,42.75,42.75,32667900,0
11/21/2018,51.12,54.24,48.69,50.75,56414700,0
11/20/2018,71.65,72.97,48.38,50.66,124675000,0
11/19/2018,105.84,107.71,69.66,72.11,97310700,0
11/18/2018,130.29,130.75,105.29,106.22,83486800,0
11/17/2018,123.29,143.03,122.14,130.48,200816000,0
11/16/2018,94.47,134.29,76.79,122.97,180605000,0
11/15/2018,176.28,179.51,70.97,93.7,40105900,0
11/14/2018,205.76,243.79,155.38,174.81,36795500,0
11/13/2018,109.9,208.4,109.3,208.4,20708000,0
11/12/2018,116.46,123.56,104.45,112.06,10779600,0
11/11/2018,87.7,125.11,83.15,113.47,8902820,0
11/10/2018,70.27,98.51,61.19,87.06,4748070,0
11/9/2018,88.3,89.57,50.68,68.75,2585660,0
